"data";"1";"7"
2011-03-01;1,6627;66242
2011-03-02;1,661;67281
2011-03-03;1,6545;68145
2011-03-04;1,6462;68012
2011-03-09;1,6559;67263
2011-03-10;1,6612;66040
2011-03-11;1,6649;66684
2011-03-14;1,6631;67169
2011-03-15;1,6692;67005
2011-03-16;1,6674;66002
2011-03-17;1,6757;66215
2011-03-18;1,672;66879
2011-03-21;1,6652;66689
2011-03-22;1,6638;67578
2011-03-23;1,6602;67795
2011-03-24;1,6593;67532
2011-03-25;1,6581;67765
2011-03-28;1,6614;67192
2011-03-29;1,6546;67418
2011-03-30;1,636;67997
2011-03-31;1,6287;68586
2011-04-01;1,6194;69268
2011-04-04;1,611;69703
2011-04-05;1,6087;69837
2011-04-06;1,6097;69036
2011-04-07;1,5927;69176
2011-04-08;1,5762;68718
2011-04-11;1,5805;68164
2011-04-12;1,587;66896
2011-04-13;1,5864;66486
2011-04-14;1,5842;66278
2011-04-15;1,5776;66684
2011-04-18;1,5912;65415
2011-04-19;1,5792;66158
2011-04-20;1,5722;67058
2011-04-25;1,572;66972
2011-04-26;1,5654;67144
2011-04-27;1,5705;66264
2011-04-28;1,5853;65673
2011-04-29;1,5733;66132
2011-05-02;1,5747;65462
2011-05-03;1,589;64318
2011-05-04;1,603;63615
2011-05-05;1,6219;63407
2011-05-06;1,6111;64417
2011-05-09;1,6199;64622
2011-05-10;1,6069;64876
2011-05-11;1,6178;63775
2011-05-12;1,6207;64003
2011-05-13;1,6328;63235
2011-05-16;1,6317;62830
2011-05-17;1,629;63673
2011-05-18;1,6166;62840
2011-05-19;1,6165;62367
2011-05-20;1,6169;62596
2011-05-23;1,6339;62345
2011-05-24;1,6256;63336
2011-05-25;1,6297;63388
2011-05-26;1,6196;64098
2011-05-27;1,6038;64294
2011-05-30;1,5958;63953
2011-05-31;1,5799;64620
2011-06-01;1,5878;63411
2011-06-02;1,5805;64218
2011-06-03;1,5744;64340
2011-06-06;1,581;63067
2011-06-07;1,5764;63217
2011-06-08;1,582;63032
2011-06-09;1,5877;63468
2011-06-10;1,5938;62697
2011-06-13;1,5888;62022
2011-06-14;1,5821;62204
2011-06-15;1,596;61603
2011-06-16;1,6108;60880
2011-06-17;1,5979;61059
2011-06-20;1,5969;61168
2011-06-21;1,591;61423
2011-06-22;1,5877;61194
2011-06-24;1,5988;61016
2011-06-27;1,5969;61216
2011-06-28;1,5833;62303
2011-06-29;1,573;62333
2011-06-30;1,5611;62403
2011-07-01;1,5599;63394
2011-07-04;1,558;63891
2011-07-05;1,5637;63038
2011-07-06;1,5662;62565
2011-07-07;1,5581;62207
2011-07-08;1,5634;61513
2011-07-11;1,5796;60223
2011-07-12;1,5773;59704
2011-07-13;1,5762;60669
2011-07-14;1,5729;59679
2011-07-15;1,5743;59478
2011-07-18;1,5828;58837
2011-07-19;1,5691;59082
2011-07-20;1,5651;59119
2011-07-21;1,5567;60262
2011-07-22;1,5547;60270
2011-07-25;1,5449;59970
2011-07-26;1,5345;59339
2011-07-27;1,5639;58288
2011-07-28;1,5651;58708
2011-07-29;1,5563;58823
2011-08-01;1,5551;58535
2011-08-02;1,5656;57310
2011-08-03;1,5651;56017
2011-08-04;1,5752;52811
2011-08-05;1,5895;52949
2011-08-08;1,5999;48668
2011-08-09;1,6334;51151
2011-08-10;1,6183;51395
2011-08-11;1,6306;53343
2011-08-12;1,6157;53473
2011-08-15;1,5956;54652
2011-08-16;1,5918;54323
2011-08-17;1,583;55073
2011-08-18;1,6062;53134
2011-08-19;1,596;52447
2011-08-22;1,6009;52440
2011-08-23;1,6036;53786
2011-08-24;1,6039;53796
2011-08-25;1,6154;52953
2011-08-26;1,6114;53350
2011-08-29;1,5974;54860
2011-08-30;1,5904;55385
2011-08-31;1,5872;56495
2011-09-01;1,604;58118
2011-09-02;1,6343;56531
2011-09-05;1,6522;54998
2011-09-06;1,6583;56607
2011-09-08;1,6566;57623
2011-09-09;1,6774;55778
2011-09-12;1,6899;55685
2011-09-13;1,7127;55543
2011-09-14;1,7288;56286
2011-09-15;1,7106;56381
2011-09-16;1,7122;57210
2011-09-19;1,7763;57102
2011-09-20;1,787;56378
2011-09-21;1,828;55981
2011-09-22;1,9016;53280
2011-09-23;1,8735;53230
2011-09-26;1,8445;53747
2011-09-27;1,8008;53920
2011-09-28;1,8131;53270
2011-09-29;1,8291;53384
2011-09-30;1,8544;52324
2011-10-03;1,8811;50791
2011-10-04;1,8856;50686
2011-10-05;1,8456;51013
2011-10-06;1,8116;52290
2011-10-07;1,7666;51243
2011-10-10;1,7478;53273
2011-10-11;1,7658;53838
2011-10-13;1,7536;54601
2011-10-14;1,7376;55030
2011-10-17;1,7488;53911
2011-10-18;1,7724;55031
2011-10-19;1,7604;54966
2011-10-20;1,7826;54009
2011-10-21;1,7803;55255
2011-10-24;1,7768;56891
2011-10-25;1,7548;56285
2011-10-26;1,7606;57143
2011-10-27;1,7323;59270
2011-10-28;1,6986;59513
2011-10-31;1,6885;58338
2011-11-01;1,7506;57322
2011-11-03;1,727;58196
2011-11-04;1,7415;58669
2011-11-07;1,7503;59198
2011-11-08;1,7453;59026
2011-11-09;1,7516;57549
2011-11-10;1,761;57321
2011-11-11;1,7547;58546
2011-11-14;1,7649;58258
2011-11-16;1,7772;58559
2011-11-17;1,7775;56988
2011-11-18;1,7723;56731
2011-11-21;1,8061;56284
2011-11-22;1,8069;55878
2011-11-23;1,8441;54972
2011-11-24;1,866;55279
2011-11-25;1,8937;54894
2011-11-28;1,8596;56017
2011-11-29;1,8486;55299
2011-11-30;1,8109;56874
2011-12-01;1,7929;58143
2011-12-02;1,7843;57886
2011-12-05;1,783;58910
2011-12-06;1,7913;59536
2011-12-07;1,798;58662
2011-12-08;1,7941;57455
2011-12-09;1,813;58236
2011-12-12;1,8219;57346
2011-12-13;1,8409;57494
2011-12-14;1,8728;56646
2011-12-15;1,8609;56331
2011-12-16;1,8465;56096
2011-12-19;1,8616;55298
2011-12-20;1,8508;56864
2011-12-21;1,8556;56653
2011-12-22;1,8578;57347
2011-12-23;1,856;57701
2011-12-26;1,8566;57669
2011-12-27;1,8585;58005
2011-12-28;1,8634;56533
2011-12-29;1,8758;56754
2011-12-30;1,8758;NA
2012-01-02;1,8683;57829
2012-01-03;1,8457;59264
2012-01-04;1,8272;59364
2012-01-05;1,8371;58546
2012-01-06;1,8449;58600
2012-01-09;1,8442;59082
2012-01-10;1,8042;59805
2012-01-11;1,8048;59962
2012-01-12;1,7874;59920
2012-01-13;1,7853;59146
2012-01-16;1,7836;59956
2012-01-17;1,776;60645
2012-01-18;1,7791;61722
2012-01-19;1,7648;61926
2012-01-20;1,767;62312
2012-01-23;1,7528;62386
2012-01-24;1,7649;62486
2012-01-25;1,7632;NA
2012-01-26;1,7389;62953
2012-01-27;1,7436;62904
2012-01-30;1,7509;62770
2012-01-31;1,7391;63072
2012-02-01;1,7376;64567
2012-02-02;1,7326;64593
2012-02-03;1,7223;65217
2012-02-06;1,7249;65223
2012-02-07;1,7261;65917
2012-02-08;1,7195;65831
2012-02-09;1,7225;65530
2012-02-10;1,726;63997
2012-02-13;1,7169;65691
2012-02-14;1,7173;65038
2012-02-15;1,7158;65368
2012-02-16;1,7326;66142
2012-02-17;1,7136;66203
2012-02-22;1,7076;66092
2012-02-23;1,704;65819
2012-02-24;1,7098;65942
2012-02-27;1,7088;65241
2012-02-28;1,7024;65959
2012-02-29;1,7092;65811
2012-03-01;1,7152;66810
2012-03-02;1,7245;67781
2012-03-05;1,7314;66964
2012-03-06;1,7556;65114
2012-03-07;1,7692;66016
2012-03-08;1,7697;66908
2012-03-09;1,7767;66703
2012-03-12;1,8157;66384
2012-03-13;1,8102;68394
2012-03-14;1,8146;68257
2012-03-15;1,8006;67749
2012-03-16;1,8018;67684
2012-03-19;1,809;67730
2012-03-20;1,8259;67295
2012-03-21;1,8267;66860
2012-03-22;1,825;65828
2012-03-23;1,8194;65812
2012-03-26;1,8143;66684
2012-03-27;1,8135;66037
2012-03-28;1,8223;65079
2012-03-29;1,8334;64871
2012-03-30;1,8221;64510
2012-04-02;1,8314;65216
2012-04-03;1,8256;64284
2012-04-04;1,8316;63529
2012-04-05;1,8301;63691
2012-04-09;1,826;62923
2012-04-10;1,8317;61738
2012-04-11;1,8303;61293
2012-04-12;1,827;63058
2012-04-13;1,8364;62105
2012-04-16;1,8373;61954
2012-04-17;1,8454;62698
2012-04-18;1,8694;63010
2012-04-19;1,8867;62618
2012-04-20;1,8786;62494
2012-04-23;1,8864;61539
2012-04-24;1,878;61971
2012-04-25;1,8807;61750
2012-04-26;1,8871;62198
2012-04-27;1,8852;61691
2012-04-30;1,8918;61820
2012-05-02;1,9149;62423
2012-05-03;1,9277;62104
2012-05-04;1,921;60820
2012-05-07;1,9268;61220
2012-05-08;1,9366;60365
2012-05-09;1,9577;59786
2012-05-10;1,9581;59702
2012-05-11;1,9513;59445
2012-05-14;1,9866;57539
2012-05-15;1,9947;56237
2012-05-16;1,9974;55887
2012-05-17;1,9973;54038
2012-05-18;2,0095;54513
2012-05-21;2,0374;56590
2012-05-22;2,0493;55038
2012-05-23;2,0816;54619
2012-05-24;2,0384;54063
2012-05-25;2,0032;54463
2012-05-28;1,9778;55212
2012-05-29;1,9944;54633
2012-05-30;2,0078;53797
2012-05-31;2,0223;54490
2012-06-01;2,035;53402
2012-06-04;2,041;53416
2012-06-05;2,0266;52481
2012-06-06;2,0183;54156
2012-06-08;2,0353;54429
2012-06-11;2,0348;54001
2012-06-12;2,0564;55049
2012-06-13;2,0604;55650
2012-06-14;2,0691;55351
2012-06-15;2,0443;56105
2012-06-18;2,0634;56195
2012-06-19;2,044;57195
2012-06-20;2,0293;57166
2012-06-21;2,0363;55505
2012-06-22;2,0555;55439
2012-06-25;2,0718;53805
2012-06-26;2,0743;53837
2012-06-27;2,0764;53108
2012-06-28;2,0904;52652
2012-06-29;2,0213;54354
2012-07-02;1,9893;54692
2012-07-03;1,9888;55780
2012-07-04;2,0201;56076
2012-07-05;2,0292;56379
2012-07-06;2,0359;55394
2012-07-09;2,0312;NA
2012-07-10;2,0332;53705
2012-07-11;2,031;53569
2012-07-12;2,0471;53420
2012-07-13;2,0338;54331
2012-07-16;2,038;53401
2012-07-17;2,0349;53909
2012-07-18;2,0258;54583
2012-07-19;2,0239;55346
2012-07-20;2,0227;54194
2012-07-23;2,0412;53033
2012-07-24;2,0418;52638
2012-07-25;2,0403;52607
2012-07-26;2,0255;54002
2012-07-27;2,0173;56553
2012-07-30;2,0313;57240
2012-07-31;2,0499;56097
2012-08-01;2,0432;56291
2012-08-02;2,0475;55520
2012-08-03;2,0313;57255
2012-08-06;2,0279;58344
2012-08-07;2,0281;57725
2012-08-08;2,0273;58950
2012-08-09;2,0182;58797
2012-08-10;2,0175;59208
2012-08-13;2,0266;59122
2012-08-14;2,0258;58082
2012-08-15;2,0234;58189
2012-08-16;2,0214;59445
2012-08-17;2,0182;59082
2012-08-20;2,0209;59283
2012-08-21;2,0173;58917
2012-08-22;2,021;59380
2012-08-23;2,0241;58511
2012-08-24;2,0255;58425
2012-08-27;2,0293;58111
2012-08-28;2,0433;58406
2012-08-29;2,0509;57369
2012-08-30;2,0513;57256
2012-08-31;2,0372;57061
2012-09-03;2,0335;57281
2012-09-04;2,0392;56233
2012-09-05;2,0385;56863
2012-09-06;2,0381;58321
2012-09-10;2,0241;58404
2012-09-11;2,0197;59422
2012-09-12;2,0204;59921
2012-09-13;2,0254;61958
2012-09-14;2,0139;62105
2012-09-17;2,0312;61805
2012-09-18;2,0274;61804
2012-09-19;2,0236;61651
2012-09-20;2,0263;61687
2012-09-21;2,024;61320
2012-09-24;2,0273;61909
2012-09-25;2,0251;60501
2012-09-26;2,0341;60478
2012-09-27;2,0311;60239
2012-09-28;2,0306;59175
2012-10-01;2,026;59570
2012-10-02;2,0266;59222
2012-10-03;2,0266;58627
2012-10-04;2,0224;58458
2012-10-05;2,0246;58571
2012-10-08;2,0313;59317
2012-10-09;2,0337;58939
2012-10-10;2,0378;58456
2012-10-11;2,0369;59161
2012-10-15;2,0382;59601
2012-10-16;2,0351;59743
2012-10-17;2,0336;60087
2012-10-18;2,0295;59733
2012-10-19;2,0272;58922
2012-10-22;2,0266;58700
2012-10-23;2,0286;57690
2012-10-24;2,0263;57160
2012-10-25;2,0261;57836
2012-10-26;2,0263;57277
2012-10-29;2,0296;57176
2012-10-30;2,0323;57683
2012-10-31;2,0313;57068
2012-11-01;2,0312;58382
2012-11-05;2,035;58209
2012-11-06;2,0341;59458
2012-11-07;2,033;58517
2012-11-08;2,0357;57524
2012-11-09;2,0512;57357
2012-11-12;2,0476;57064
2012-11-13;2,0614;57486
2012-11-14;2,0629;56279
2012-11-16;2,0712;55402
2012-11-19;2,0745;56450
2012-11-20;2,0835;NA
2012-11-21;2,0924;56242
2012-11-22;2,0912;56436
2012-11-23;2,0985;57574
2012-11-26;2,0787;56737
2012-11-27;2,0752;56248
2012-11-28;2,0912;56539
2012-11-29;2,0991;57852
2012-11-30;2,1074;57474
2012-12-03;2,1121;58202
2012-12-04;2,1077;57563
2012-12-05;2,1046;57679
2012-12-06;2,0836;57656
2012-12-07;2,0804;58487
2012-12-10;2,081;59248
2012-12-11;2,0743;59623
2012-12-12;2,0801;59474
2012-12-13;2,0751;59316
2012-12-14;2,084;59604
2012-12-17;2,0902;59566
2012-12-18;2,0966;60460
2012-12-19;2,0791;60998
2012-12-20;2,0625;61276
2012-12-21;2,0758;61007
2012-12-24;2,0774;NA
2012-12-26;2,0569;60959
2012-12-27;2,0483;60415
2012-12-28;2,0435;60952
2012-12-31;2,0435;NA
2013-01-02;2,0415;62550
2013-01-03;2,0464;63312
2013-01-04;2,0425;62523
2013-01-07;2,0312;61932
2013-01-08;2,0286;61127
2013-01-09;2,0417;61578
2013-01-10;2,0358;61678
2013-01-11;2,0341;61497
2013-01-14;2,0334;62080
2013-01-15;2,0374;61727
2013-01-16;2,0409;61787
2013-01-17;2,0411;62194
2013-01-18;2,0441;61956
2013-01-21;2,042;61899
2013-01-22;2,0471;61692
2013-01-23;2,0394;61966
2013-01-24;2,0344;61169
2013-01-25;2,0285;NA
2013-01-28;2,0241;60027
2013-01-29;1,9912;60406
2013-01-30;1,99;59336
2013-01-31;1,9883;59761
2013-02-01;1,9843;60351
2013-02-04;1,9893;59575
2013-02-05;1,9881;59444
2013-02-06;1,9884;58951
2013-02-07;1,9789;58372
2013-02-08;1,9636;58497
2013-02-13;1,967;58405
2013-02-14;1,9666;58077
2013-02-15;1,96;57903
2013-02-18;1,9676;57613
2013-02-19;1,9597;57314
2013-02-20;1,957;56177
2013-02-21;1,972;56154
2013-02-22;1,9705;56697
2013-02-25;1,9676;56617
2013-02-26;1,9818;56948
2013-02-27;1,9807;57273
2013-02-28;1,9754;57424
2013-03-01;1,9848;56883
2013-03-04;1,9827;56499
2013-03-05;1,9693;55950
2013-03-06;1,9673;57940
2013-03-07;1,9642;58846
2013-03-08;1,9528;58432
2013-03-11;1,9552;58544
2013-03-12;1,9585;58208
2013-03-13;1,9619;57385
2013-03-14;1,9676;57281
2013-03-15;1,9749;56869
2013-03-18;1,9871;56972
2013-03-19;1,983;56361
2013-03-20;1,9868;56030
2013-03-21;1,9931;55576
2013-03-22;2,0126;55243
2013-03-25;2,014;54873
2013-03-26;2,0087;55671
2013-03-27;2,0185;56034
2013-03-28;2,0138;56352
2013-04-01;2,0186;56348
2013-04-02;2,0179;54889
2013-04-03;2,0239;54888
2013-04-04;2,0201;54648
2013-04-05;2,0035;55050
2013-04-08;1,9902;55092
2013-04-09;1,9861;55912
2013-04-10;1,981;56189
2013-04-11;1,9736;55400
2013-04-12;1,9761;55398
2013-04-15;1,979;52949
2013-04-16;1,9903;53990
2013-04-17;1,9939;52881
2013-04-18;2,0152;53165
2013-04-19;2,0089;53928
2013-04-22;2,0154;54297
2013-04-23;2,017;54884
2013-04-24;2,0244;54984
2013-04-25;2,0119;54963
2013-04-26;2,0001;54252
2013-04-29;1,9999;54887
2013-04-30;2,0017;55910
2013-05-02;2,0095;55321
2013-05-03;2,0093;55488
2013-05-06;2,0143;55429
2013-05-07;2,011;56274
2013-05-08;2,003;55804
2013-05-09;2,0051;55447
2013-05-10;2,0231;55107
2013-05-13;2,015;54447
2013-05-14;2,0063;54666
2013-05-15;2,0233;54936
2013-05-16;2,0254;54772
2013-05-17;2,0354;55164
2013-05-20;2,0333;55700
2013-05-21;2,0402;56265
2013-05-22;2,0387;56429
2013-05-23;2,0537;56349
2013-05-24;2,0495;56406
2013-05-27;2,0527;56395
2013-05-28;2,0616;56036
2013-05-29;2,0894;54634
2013-05-31;2,1319;53506
2013-06-03;2,1355;53944
2013-06-04;2,1282;54018
2013-06-05;2,1235;52799
2013-06-06;2,125;52845
2013-06-07;2,1372;51619
2013-06-10;2,1506;51316
2013-06-11;2,1521;49769
2013-06-12;2,142;49180
2013-06-13;2,1447;50414
2013-06-14;2,1367;49332
2013-06-17;2,1538;49088
2013-06-18;2,1706;49464
2013-06-19;2,1744;47893
2013-06-20;2,2523;48214
2013-06-21;2,2648;47056
2013-06-24;2,2515;45965
2013-06-25;2,2185;46893
2013-06-26;2,1975;47171
2013-06-27;2,1846;47609
2013-06-28;2,2156;47457
2013-07-01;2,2297;47229
2013-07-02;2,2412;45228
2013-07-03;2,2634;45044
2013-07-04;2,2595;45763
2013-07-05;2,2645;45210
2013-07-08;2,2583;45075
2013-07-09;2,2628;NA
2013-07-10;2,2697;45483
2013-07-11;2,2672;46626
2013-07-12;2,267;45533
2013-07-15;2,2548;46738
2013-07-16;2,2353;46869
2013-07-17;2,2372;47407
2013-07-18;2,2297;47656
2013-07-19;2,2364;47400
2013-07-22;2,2386;48574
2013-07-23;2,2267;48819
2013-07-24;2,2348;48374
2013-07-25;2,2497;49066
2013-07-26;2,2488;49422
2013-07-29;2,2609;49212
2013-07-30;2,2734;48561
2013-07-31;2,2903;48234
2013-08-01;2,2914;49140
2013-08-02;2,2933;48474
2013-08-05;2,301;48436
2013-08-06;2,2955;47421
2013-08-07;2,3028;47447
2013-08-08;2,2882;48928
2013-08-09;2,2748;49874
2013-08-12;2,2722;50299
2013-08-13;2,3035;50600
2013-08-14;2,3118;50895
2013-08-15;2,3434;50908
2013-08-16;2,3565;51538
2013-08-19;2,398;51574
2013-08-20;2,3943;50507
2013-08-21;2,4169;50405
2013-08-22;2,4457;51397
2013-08-23;2,3868;52197
2013-08-26;2,3705;51429
2013-08-27;2,3998;50091
2013-08-28;2,3515;49866
2013-08-29;2,3578;49921
2013-08-30;2,3725;50011
2013-09-02;2,3643;51835
2013-09-03;2,3897;51625
2013-09-04;2,3538;51716
2013-09-05;2,3314;52351
2013-09-06;2,2979;53749
2013-09-09;2,2868;54251
2013-09-10;2,2779;53979
2013-09-11;2,2947;53570
2013-09-12;2,2769;53307
2013-09-13;2,2785;53797
2013-09-16;2,2649;53821
2013-09-17;2,2617;54271
2013-09-18;2,2489;55702
2013-09-19;2,2036;55095
2013-09-20;2,2053;54110
2013-09-23;2,2033;54602
2013-09-24;2,2031;54431
2013-09-25;2,2224;54261
2013-09-26;2,2285;53782
2013-09-27;2,2571;53738
2013-09-30;2,23;52338
2013-10-01;2,2123;53179
2013-10-02;2,2088;53100
2013-10-03;2,2069;52489
2013-10-04;2,2051;52848
2013-10-07;2,2087;52417
2013-10-08;2,2016;52312
2013-10-09;2,2054;52547
2013-10-10;2,185;52996
2013-10-11;2,1821;53149
2013-10-14;2,1817;54170
2013-10-15;2,1818;54980
2013-10-16;2,1629;55973
2013-10-17;2,1611;55358
2013-10-18;2,1616;55378
2013-10-21;2,1738;56077
2013-10-22;2,176;56460
2013-10-23;2,1826;55440
2013-10-24;2,2003;54877
2013-10-25;2,1848;54154
2013-10-28;2,1846;55073
2013-10-29;2,1804;54538
2013-10-30;2,1888;54172
2013-10-31;2,2026;54256
2013-11-01;2,2468;54013
2013-11-04;2,2426;54436
2013-11-05;2,2747;53831
2013-11-06;2,2785;53384
2013-11-07;2,2825;52740
2013-11-08;2,317;52248
2013-11-11;2,3142;52623
2013-11-12;2,3362;51804
2013-11-13;2,3234;52230
2013-11-14;2,3289;53451
2013-11-18;2,2828;54307
2013-11-19;2,2662;53032
2013-11-20;2,2726;NA
2013-11-21;2,3067;52688
2013-11-22;2,2913;52800
2013-11-25;2,2871;52263
2013-11-26;2,304;51446
2013-11-27;2,3058;51861
2013-11-28;2,3208;51846
2013-11-29;2,3249;52482
2013-12-02;2,3449;51244
2013-12-03;2,3558;50348
2013-12-04;2,374;50215
2013-12-05;2,3747;50787
2013-12-06;2,3525;50944
2013-12-09;2,3225;51165
2013-12-10;2,3102;50993
2013-12-11;2,3262;50067
2013-12-12;2,3338;50121
2013-12-13;2,3354;50051
2013-12-16;2,3255;50279
2013-12-17;2,3221;50090
2013-12-18;2,3274;50563
2013-12-19;2,3528;51633
2013-12-20;2,3817;51185
2013-12-23;2,3706;51356
2013-12-24;2,3554;NA
2013-12-26;2,3507;51221
2013-12-27;2,3538;51266
2013-12-30;2,3426;51507
2013-12-31;2,3426;NA
2014-01-02;2,3975;50341
2014-01-03;2,3741;50981
2014-01-06;2,3789;50973
2014-01-07;2,3634;50430
2014-01-08;2,3779;50576
2014-01-09;2,396;49321
2014-01-10;2,3819;49696
2014-01-13;2,3491;49426
2014-01-14;2,3617;49703
2014-01-15;2,347;50105
2014-01-16;2,3683;49696
2014-01-17;2,3601;49181
2014-01-20;2,3335;48708
2014-01-21;2,3608;48542
2014-01-22;2,3601;49299
2014-01-23;2,3761;48320
2014-01-24;2,4129;47787
2014-01-27;2,4044;47701
2014-01-28;2,4165;47840
2014-01-29;2,4397;47556
2014-01-30;2,4224;47244
2014-01-31;2,4263;47638
2014-02-03;2,409;46147
2014-02-04;2,4177;46964
2014-02-05;2,4106;46624
2014-02-06;2,4041;47738
2014-02-07;2,3817;48073
2014-02-10;2,3936;47710
2014-02-11;2,4076;48462
2014-02-12;2,4086;48216
2014-02-13;2,4238;47812
2014-02-14;2,3924;48201
2014-02-17;2,387;47576
2014-02-18;2,3983;46599
2014-02-19;2,3986;47150
2014-02-20;2,3799;47288
2014-02-21;2,3625;47380
2014-02-24;2,3391;47393
2014-02-25;2,3367;46715
2014-02-26;2,3454;46599
2014-02-27;2,3436;47606
2014-02-28;2,3334;47094
2014-03-05;2,324;46589
2014-03-06;2,3094;47093
2014-03-07;2,3382;46244
2014-03-10;2,341;45533
2014-03-11;2,3461;45697
2014-03-12;2,3649;45861
2014-03-13;2,3486;45443
2014-03-14;2,3638;44965
2014-03-17;2,3518;45117
2014-03-18;2,3522;46150
2014-03-19;2,3338;46567
2014-03-20;2,342;47278
2014-03-21;2,3245;47380
2014-03-24;2,3248;47993
2014-03-25;2,3124;48180
2014-03-26;2,3119;47965
2014-03-27;2,283;49646
2014-03-28;2,2603;49768
2014-03-31;2,263;50414
2014-04-01;2,262;50270
2014-04-02;2,2711;51701
2014-04-03;2,2811;51408
2014-04-04;2,242;51081
2014-04-07;2,2326;52155
2014-04-08;2,1974;51629
2014-04-09;2,2111;51185
2014-04-10;2,1987;51127
2014-04-11;2,2059;51867
2014-04-14;2,2096;51596
2014-04-15;2,2257;50454
2014-04-16;2,2342;51200
2014-04-17;2,2482;52111
2014-04-22;2,2449;51976
2014-04-23;2,2426;51569
2014-04-24;2,2229;51817
2014-04-25;2,2325;51399
2014-04-28;2,237;51395
2014-04-29;2,2199;51838
2014-04-30;2,236;51626
2014-05-02;2,2221;52980
2014-05-05;2,2286;53446
2014-05-06;2,2322;53779
2014-05-07;2,2282;54052
2014-05-08;2,2107;53422
2014-05-09;2,2192;53100
2014-05-12;2,2164;54052
2014-05-13;2,2101;53907
2014-05-14;2,2129;54412
2014-05-15;2,2166;53855
2014-05-16;2,211;53975
2014-05-19;2,2111;53353
2014-05-20;2,2156;52366
2014-05-21;2,2111;52203
2014-05-22;2,2131;52806
2014-05-23;2,2187;52626
2014-05-26;2,2209;52932
2014-05-27;2,2354;52173
2014-05-28;2,2405;52639
2014-05-29;2,2251;52239
2014-05-30;2,239;51239
2014-06-02;2,264;51605
2014-06-03;2,2654;52032
2014-06-04;2,2802;51832
2014-06-05;2,2695;51558
2014-06-06;2,2445;53128
2014-06-09;2,2336;54273
2014-06-10;2,2296;54604
2014-06-11;2,2307;55102
2014-06-12;2,2306;NA
2014-06-13;2,2347;54806
2014-06-16;2,2313;54629
2014-06-17;2,2486;54299
2014-06-18;2,2534;55202
2014-06-20;2,238;54638
2014-06-23;2,2195;54210
2014-06-24;2,2217;54280
2014-06-25;2,2052;53425
2014-06-26;2,2089;53506
2014-06-27;2,1975;53157
2014-06-30;2,2025;53168
2014-07-01;2,2054;53171
2014-07-02;2,2134;53028
2014-07-03;2,2281;53874
2014-07-04;2,2149;54055
2014-07-07;2,2201;53801
2014-07-08;2,215;53634
2014-07-09;2,2139;NA
2014-07-10;2,2237;54592
2014-07-11;2,2228;54785
2014-07-14;2,2176;55743
2014-07-15;2,2195;55973
2014-07-16;2,2193;55717
2014-07-17;2,2403;55637
2014-07-18;2,2362;57012
2014-07-21;2,2238;57633
2014-07-22;2,2129;57983
2014-07-23;2,2202;57419
2014-07-24;2,2204;57977
2014-07-25;2,2293;57821
2014-07-28;2,2302;57695
2014-07-29;2,2278;57118
2014-07-30;2,2447;56877
2014-07-31;2,2674;55829
2014-08-01;2,2607;55902
2014-08-04;2,2577;56616
2014-08-05;2,2756;56202
2014-08-06;2,279;56487
2014-08-07;2,2802;56188
2014-08-08;2,2986;55572
2014-08-11;2,2779;56613
2014-08-12;2,277;56442
2014-08-13;2,2692;55581
2014-08-14;2,2703;55780
2014-08-15;2,269;56963
2014-08-18;2,2595;57560
2014-08-19;2,2587;58449
2014-08-20;2,255;58878
2014-08-21;2,2582;58992
2014-08-22;2,2778;58407
2014-08-25;2,2808;59735
2014-08-26;2,2748;59821
2014-08-27;2,2591;60950
2014-08-28;2,2499;60290
2014-08-29;2,2396;61288
2014-09-01;2,2364;61141
2014-09-02;2,2521;61895
2014-09-03;2,2319;61837
2014-09-04;2,2356;60800
2014-09-05;2,2416;60681
2014-09-08;2,2491;59192
2014-09-09;2,2813;58676
2014-09-10;2,2967;58198
2014-09-11;2,288;58337
2014-09-12;2,3251;56927
2014-09-15;2,3401;57948
2014-09-16;2,3351;59114
2014-09-17;2,3384;59108
2014-09-18;2,3668;58374
2014-09-19;2,3656;57788
2014-09-22;2,387;56818
2014-09-23;2,4026;56540
2014-09-24;2,407;56824
2014-09-25;2,4085;55962
2014-09-26;2,431;57212
2014-09-29;2,4522;54625
2014-09-30;2,451;54115
2014-10-01;2,4623;52858
2014-10-02;2,4785;53518
2014-10-03;2,4932;54539
2014-10-06;2,4098;57115
2014-10-07;2,4038;57436
2014-10-08;2,4072;57058
2014-10-09;2,3914;57267
2014-10-10;2,4103;55311
2014-10-13;2,3923;57956
2014-10-14;2,3991;58015
2014-10-15;2,4316;56135
2014-10-16;2,477;54298
2014-10-17;2,4477;55723
2014-10-20;2,4554;54302
2014-10-21;2,4797;52432
2014-10-22;2,4781;52411
2014-10-23;2,5004;50713
2014-10-24;2,4805;51940
2014-10-27;2,5341;50503
2014-10-28;2,4869;52330
2014-10-29;2,4346;51049
2014-10-30;2,4119;52336
2014-10-31;2,4442;54628
2014-11-03;2,4839;53947
2014-11-04;2,5195;54383
2014-11-05;2,5168;53698
2014-11-06;2,5325;52637
2014-11-07;2,5721;53222
2014-11-10;2,539;52725
2014-11-11;2,5644;52474
2014-11-12;2,555;52978
2014-11-13;2,5725;51846
2014-11-14;2,6136;51772
2014-11-17;2,6035;51256
2014-11-18;2,5967;52061
2014-11-19;2,5849;53402
2014-11-20;2,545;NA
2014-11-21;2,5391;56084
2014-11-24;2,5282;55406
2014-11-25;2,5237;55560
2014-11-26;2,5103;55098
2014-11-27;2,5065;54721
2014-11-28;2,5601;54724
2014-12-01;2,5624;52276
2014-12-02;2,5664;51612
2014-12-03;2,5607;52320
2014-12-04;2,5797;51426
2014-12-05;2,5888;51992
2014-12-08;2,5923;50274
2014-12-09;2,6016;50193
2014-12-10;2,5931;49548
2014-12-11;2,6271;49861
2014-12-12;2,6558;48001
2014-12-15;2,6717;47018
2014-12-16;2,7403;47007
2014-12-17;2,7246;48713
2014-12-18;2,6676;48495
2014-12-19;2,6486;49650
2014-12-22;2,6527;50120
2014-12-23;2,6775;50889
2014-12-24;2,6832;NA
2014-12-26;2,6812;50144
2014-12-29;2,6783;50593
2014-12-30;2,6562;50007
2014-12-31;2,6562;NA
2015-01-02;2,6929;48512
2015-01-05;2,7107;47516
2015-01-06;2,7023;48000
2015-01-07;2,6807;49462
2015-01-08;2,6919;49943
2015-01-09;2,6583;48840
2015-01-12;2,6575;48139
2015-01-13;2,6485;48041
2015-01-14;2,6222;47645
2015-01-15;2,6122;48026
2015-01-16;2,6193;49016
2015-01-19;2,6243;47758
2015-01-20;2,6247;47876
2015-01-21;2,5968;49224
2015-01-22;2,5754;49442
2015-01-23;2,5856;48775
2015-01-26;2,5966;48576
2015-01-27;2,5809;48591
2015-01-28;2,5797;47694
2015-01-29;2,596;47762
2015-01-30;2,6623;46907
2015-02-02;2,6894;47650
2015-02-03;2,7059;48963
2015-02-04;2,7148;49301
2015-02-05;2,7386;49233
2015-02-06;2,7641;48792
2015-02-09;2,7873;49382
2015-02-10;2,8075;48510
2015-02-11;2,8576;48239
2015-02-12;2,8625;49532
2015-02-13;2,8392;50635
2015-02-18;2,843;51280
2015-02-19;2,8545;51294
2015-02-20;2,8701;51237
2015-02-23;2,8811;51280
2015-02-24;2,8649;51874
2015-02-25;2,8646;51811
2015-02-26;2,8728;51760
2015-02-27;2,8782;51583
2015-03-02;2,8655;51020
2015-03-03;2,9051;51304
2015-03-04;2,9804;50468
2015-03-05;2,9931;50365
2015-03-06;3,0366;49981
2015-03-09;3,1018;49181
2015-03-10;3,1299;48293
2015-03-11;3,1162;48905
2015-03-12;3,1171;48880
2015-03-13;3,2264;48595
2015-03-16;3,2257;48848
2015-03-17;3,2683;50285
2015-03-18;3,2518;51526
2015-03-19;3,2642;50953
2015-03-20;3,2423;51966
2015-03-23;3,18;51908
2015-03-24;3,131;51506
2015-03-25;3,1476;51858
2015-03-26;3,1915;50579
2015-03-27;3,2259;50094
2015-03-30;3,2601;51243
2015-03-31;3,208;51150
2015-04-01;3,1556;52321
2015-04-02;3,1492;53123
2015-04-06;3,0926;53737
2015-04-07;3,1231;53729
2015-04-08;3,0834;53661
2015-04-09;3,0466;53802
2015-04-10;3,0796;54214
2015-04-13;3,1011;54239
2015-04-14;3,088;53981
2015-04-15;3,0681;54918
2015-04-16;3,0249;54674
2015-04-17;3,0544;53954
2015-04-20;3,0473;53761
2015-04-22;3,0186;54617
2015-04-23;3,0084;55684
2015-04-24;2,9745;56594
2015-04-27;2,9236;55534
2015-04-28;2,8943;55812
2015-04-29;2,9375;55325
2015-04-30;2,9936;56229
2015-05-04;3,0754;57353
2015-05-05;3,0626;58051
2015-05-06;3,042;57103
2015-05-07;3,0421;56921
2015-05-08;2,9966;57149
2015-05-11;3,0175;57197
2015-05-12;3,0389;56792
2015-05-13;3,0103;56372
2015-05-14;3,0032;56656
2015-05-15;2,9894;57248
2015-05-18;3,0145;56204
2015-05-19;3,0284;55498
2015-05-20;3,0347;54901
2015-05-21;3,0295;55112
2015-05-22;3,0653;54377
2015-05-25;3,1212;54609
2015-05-26;3,1351;53629
2015-05-27;3,174;54236
2015-05-28;3,1748;53976
2015-05-29;3,1788;52760
2015-06-01;3,1789;53031
2015-06-02;3,1443;54236
2015-06-03;3,1184;53522
2015-06-05;3,1684;52973
2015-06-08;3,119;52809
2015-06-09;3,0991;52815
2015-06-10;3,0843;53876
2015-06-11;3,1514;53688
2015-06-12;3,1107;53347
2015-06-15;3,1036;53137
2015-06-16;3,1082;53702
2015-06-17;3,0989;53248
2015-06-18;3,0472;54238
2015-06-19;3,0788;53749
2015-06-22;3,0757;53863
2015-06-23;3,1042;53772
2015-06-24;3,0852;53842
2015-06-25;3,1015;53175
2015-06-26;3,1271;54016
2015-06-29;3,139;53014
2015-06-30;3,1026;53080
2015-07-01;3,1191;52757
2015-07-02;3,1173;53106
2015-07-03;3,1271;52519
2015-07-06;3,1431;52149
2015-07-07;3,1809;52343
2015-07-08;3,2282;51781
2015-07-09;3,2163;NA
2015-07-10;3,1897;52590
2015-07-13;3,1594;53119
2015-07-14;3,123;53239
2015-07-15;3,1532;52902
2015-07-16;3,1375;53069
2015-07-17;3,1832;52341
2015-07-20;3,2149;51600
2015-07-21;3,1813;51474
2015-07-22;3,2094;50915
2015-07-23;3,285;49806
2015-07-24;3,3254;49245
2015-07-27;3,3557;48735
2015-07-28;3,3815;49601
2015-07-29;3,3419;50245
2015-07-30;3,3652;49897
2015-07-31;3,394;50864
2015-08-03;3,4425;50138
2015-08-04;3,4675;50058
2015-08-05;3,4851;50287
2015-08-06;3,5347;50011
2015-08-07;3,5181;48577
2015-08-10;3,4909;49353
2015-08-11;3,4925;49072
2015-08-12;3,4826;48388
2015-08-13;3,5074;48009
2015-08-14;3,4761;47508
2015-08-17;3,4746;47217
2015-08-18;3,4811;47450
2015-08-19;3,4849;46588
2015-08-20;3,4751;46649
2015-08-21;3,4896;45719
2015-08-24;3,5494;44336
2015-08-25;3,5345;44544
2015-08-26;3,6326;46038
2015-08-27;3,5555;47715
2015-08-28;3,579;47153
2015-08-31;3,6467;46625
2015-09-01;3,6725;45477
2015-09-02;3,7314;46463
2015-09-03;3,776;47365
2015-09-04;3,7986;46497
2015-09-08;3,8028;46762
2015-09-09;3,787;46657
2015-09-10;3,8698;46503
2015-09-11;3,8698;46400
2015-09-14;3,8653;47281
2015-09-15;3,8599;47364
2015-09-16;3,8368;48553
2015-09-17;3,8921;48551
2015-09-18;3,9021;47264
2015-09-21;3,9821;46590
2015-09-22;4,0425;46264
2015-09-23;4,1041;45340
2015-09-24;4,1949;45291
2015-09-25;3,9479;44831
2015-09-28;4,0099;43956
2015-09-29;4,1172;44131
2015-09-30;3,9729;45059
2015-10-01;3,9794;45313
2015-10-02;4,001;47033
2015-10-05;3,9141;47598
2015-10-06;3,8567;47735
2015-10-07;3,806;48914
2015-10-08;3,8517;49106
2015-10-09;3,7386;49338
2015-10-13;3,825;47362
2015-10-14;3,8507;46710
2015-10-15;3,8344;47161
2015-10-16;3,8438;47236
2015-10-19;3,9015;47447
2015-10-20;3,8656;47076
2015-10-21;3,9386;47025
2015-10-22;3,936;47772
2015-10-23;3,8988;47596
2015-10-26;3,8582;47209
2015-10-27;3,9114;47042
2015-10-28;3,8797;46740
2015-10-29;3,9328;45628
2015-10-30;3,8589;45868
2015-11-03;3,8126;48053
2015-11-04;3,7687;47710
2015-11-05;3,7893;48046
2015-11-06;3,8059;46918
2015-11-09;3,7928;46194
2015-11-10;3,7981;46206
2015-11-11;3,7327;47065
2015-11-12;3,7996;46883
2015-11-13;3,8023;46517
2015-11-16;3,8336;46846
2015-11-17;3,8052;47247
2015-11-18;3,7921;47435
2015-11-19;3,7442;48138
2015-11-20;3,701;NA
2015-11-23;3,7231;48150
2015-11-24;3,7081;48284
2015-11-25;3,7688;46866
2015-11-26;3,7606;47145
2015-11-27;3,7399;45872
2015-11-30;3,8506;45120
2015-12-01;3,8745;45046
2015-12-02;3,8545;44914
2015-12-03;3,797;46393
2015-12-04;3,7575;45360
2015-12-07;3,7476;45222
2015-12-08;3,7921;44443
2015-12-09;3,758;46108
2015-12-10;3,7685;45630
2015-12-11;3,8548;45262
2015-12-14;3,9023;44747
2015-12-15;3,8703;44872
2015-12-16;3,9357;45015
2015-12-17;3,8929;45261
2015-12-18;3,9062;43910
2015-12-21;3,9831;43199
2015-12-22;3,977;43469
2015-12-23;3,9632;44014
2015-12-24;3,9524;NA
2015-12-28;3,9186;43764
2015-12-29;3,8492;43653
2015-12-30;3,9048;43349
2015-12-31;3,9048;NA
2016-01-04;4,0387;42141
2016-01-05;4,0114;42419
2016-01-06;4,0303;41773
2016-01-07;4,0475;40694
2016-01-08;4,025;40612
2016-01-11;4,0153;39950
2016-01-12;4,0299;39513
2016-01-13;3,9863;38944
2016-01-14;4,0223;39500
2016-01-15;4,0402;38569
2016-01-18;4,0364;37937
2016-01-19;4,0303;38057
2016-01-20;4,0861;37645
2016-01-21;4,1558;37717
2016-01-22;4,1232;38031
2016-01-25;4,1002;NA
2016-01-26;4,0967;37497
2016-01-27;4,0448;38376
2016-01-28;4,0838;38630
2016-01-29;4,0428;40405
2016-02-01;3,9986;40570
2016-02-02;3,9919;38596
2016-02-03;3,9558;39588
2016-02-04;3,8653;40821
2016-02-05;3,8975;40592
2016-02-10;3,9412;40376
2016-02-11;3,9642;39318
2016-02-12;3,9891;39808
2016-02-15;3,9885;40092
2016-02-16;4,0213;40947
2016-02-17;4,0318;41630
2016-02-18;4,0091;41477
2016-02-19;4,0492;41543
2016-02-22;3,9618;43234
2016-02-23;3,9684;42520
2016-02-24;3,99;42084
2016-02-25;3,94;41887
2016-02-26;3,9578;41593
2016-02-29;3,9796;42793
2016-03-01;3,9913;44121
2016-03-02;3,9116;44893
2016-03-03;3,8504;47193
2016-03-04;3,7188;49084
2016-03-07;3,7714;49246
2016-03-08;3,7813;49102
2016-03-09;3,7037;48665
2016-03-10;3,67;49571
2016-03-11;3,6271;49638
2016-03-14;3,6239;48867
2016-03-15;3,7116;47130
2016-03-16;3,8079;47763
2016-03-17;3,6445;50913
2016-03-18;3,6146;50814
2016-03-21;3,6229;51171
2016-03-22;3,6073;51010
2016-03-23;3,6531;49690
2016-03-24;3,6948;49657
2016-03-28;3,6408;50838
2016-03-29;3,6687;51154
2016-03-30;3,6116;51248
2016-03-31;3,5589;50055
2016-04-01;3,5799;50561
2016-04-04;3,5871;48779
2016-04-05;3,6581;49053
2016-04-06;3,6749;48096
2016-04-07;3,6921;48513
2016-04-08;3,6385;50292
2016-04-11;3,5284;50165
2016-04-12;3,5406;52001
2016-04-13;3,5429;53149
2016-04-14;3,5126;52411
2016-04-15;3,5276;53227
2016-04-18;3,5904;52894
2016-04-19;3,5538;53710
2016-04-20;3,5503;53630
2016-04-22;3,5829;52907
2016-04-25;3,5472;51861
2016-04-26;3,5301;53082
2016-04-27;3,5295;54477
2016-04-28;3,4992;54311
2016-04-29;3,4508;53910
2016-05-02;3,4991;53561
2016-05-03;3,555;52260
2016-05-04;3,5397;52552
2016-05-05;3,5296;51671
2016-05-06;3,5362;51717
2016-05-09;3,5387;50990
2016-05-10;3,4772;53070
2016-05-11;3,4645;52764
2016-05-12;3,4877;53241
2016-05-13;3,5041;51804
2016-05-16;3,5035;51802
2016-05-17;3,5037;50839
2016-05-18;3,5368;50561
2016-05-19;3,6003;50132
2016-05-20;3,5419;49722
2016-05-23;3,566;49330
2016-05-24;3,5491;49345
2016-05-25;3,5804;49482
2016-05-27;3,6168;49051
2016-05-30;3,5997;48964
2016-05-31;3,5951;48471
2016-06-01;3,6126;49012
2016-06-02;3,5961;49887
2016-06-03;3,5409;50619
2016-06-06;3,5098;50431
2016-06-07;3,4745;50487
2016-06-08;3,3898;51629
2016-06-09;3,3817;51118
2016-06-10;3,4261;49422
2016-06-13;3,4533;49660
2016-06-14;3,4839;48648
2016-06-15;3,4768;48914
2016-06-16;3,4904;49411
2016-06-17;3,4372;NA
2016-06-20;3,3835;NA
2016-06-21;3,3897;50837
2016-06-22;3,3883;50156
2016-06-23;3,3533;51559
2016-06-24;3,3772;50105
2016-06-27;3,3934;49245
2016-06-28;3,3267;50006
2016-06-29;3,2435;51001
2016-06-30;3,2098;51526
2016-07-01;3,2298;52233
2016-07-04;3,248;52568
2016-07-05;3,2904;51842
2016-07-06;3,3242;51901
2016-07-07;3,3388;52014
2016-07-08;3,2968;53140
2016-07-11;3,3031;53960
2016-07-12;3,275;54256
2016-07-13;3,2896;54598
2016-07-14;3,2311;55480
2016-07-15;3,2656;55578
2016-07-18;3,2634;56484
2016-07-19;3,2801;56698
2016-07-20;3,2512;56578
2016-07-21;3,2585;56641
2016-07-22;3,2854;57002
2016-07-25;3,2819;56872
2016-07-26;3,279;56782
2016-07-27;3,282;56852
2016-07-28;3,274;56667
2016-07-29;3,239;57308
2016-08-01;3,2662;56755
2016-08-02;3,249;56162
2016-08-03;3,2733;57076
2016-08-04;3,2183;57593
2016-08-05;3,1859;57661
2016-08-08;3,1771;57635
2016-08-09;3,1503;57689
2016-08-10;3,1302;56919
2016-08-11;3,1364;58299
2016-08-12;3,1602;58298
2016-08-15;3,1672;59145
2016-08-16;3,1749;58855
2016-08-17;3,2248;59323
2016-08-18;3,2215;59166
2016-08-19;3,2267;59098
2016-08-22;3,2163;57781
2016-08-23;3,2054;58020
2016-08-24;3,2372;57717
2016-08-25;3,2319;57722
2016-08-26;3,2153;57716
2016-08-29;3,2613;58610
2016-08-30;3,2525;58575
2016-08-31;3,2403;57901
2016-09-01;3,2472;58236
2016-09-02;3,2431;59616
2016-09-05;3,2721;59566
2016-09-06;3,2452;60129
2016-09-08;3,1934;60231
2016-09-09;3,2638;57999
2016-09-12;3,2854;58586
2016-09-13;3,2972;56820
2016-09-14;3,3262;57059
2016-09-15;3,3326;57909
2016-09-16;3,3004;57079
2016-09-19;3,2636;57350
2016-09-20;3,254;57736
2016-09-21;3,2408;58393
2016-09-22;3,2015;58994
2016-09-23;3,2242;58697
2016-09-26;3,24;58053
2016-09-27;3,2358;58382
2016-09-28;3,2476;59355
2016-09-29;3,2235;58350
2016-09-30;3,2462;58367
2016-10-03;3,2338;59461
2016-10-04;3,2203;59339
2016-10-05;3,2359;60254
2016-10-06;3,231;60644
2016-10-07;3,2134;61108
2016-10-10;3,2125;61668
2016-10-11;3,2136;61021
2016-10-13;3,2087;61118
2016-10-14;3,1864;61767
2016-10-17;3,1963;62696
2016-10-18;3,1874;63782
2016-10-19;3,18;63505
2016-10-20;3,1605;63837
2016-10-21;3,1593;61108
2016-10-24;3,1311;64059
2016-10-25;3,1193;63866
2016-10-26;3,1219;63825
2016-10-27;3,1429;64249
2016-10-28;3,1815;64307
2016-10-31;3,1811;64924
2016-11-01;3,2053;63326
2016-11-03;3,231;61750
2016-11-04;3,2449;61598
2016-11-07;3,2024;64051
2016-11-08;3,2024;64157
2016-11-09;3,2258;63258
2016-11-10;3,3104;61200
2016-11-11;3,4377;59183
2016-11-14;3,4446;59657
2016-11-16;3,4183;60759
2016-11-17;3,4052;59770
2016-11-18;3,3917;59961
2016-11-21;3,3517;61070
2016-11-22;3,3476;61954
2016-11-23;3,3927;61985
2016-11-24;3,3987;61395
2016-11-25;3,4279;61559
2016-11-28;3,3996;62855
2016-11-29;3,406;60986
2016-11-30;3,3967;61906
2016-12-01;3,4362;59506
2016-12-02;3,465;60316
2016-12-05;3,4598;59831
2016-12-06;3,4354;61088
2016-12-07;3,3895;61414
2016-12-08;3,4008;60676
2016-12-09;3,3858;60500
2016-12-12;3,3697;59178
2016-12-13;3,334;59280
2016-12-14;3,3103;58212
2016-12-15;3,383;58396
2016-12-16;3,3712;58389
2016-12-17;NA;57110
2016-12-19;3,3778;NA
2016-12-20;3,3586;57582
2016-12-21;3,3297;57646
2016-12-22;3,3302;57255
2016-12-23;3,2696;57937
2016-12-26;3,2701;58620
2016-12-27;3,2776;58696
2016-12-28;3,2774;59781
2016-12-29;3,2591;60227
2016-12-30;3,2591;NA
2017-01-02;3,2729;59588
2017-01-03;3,2632;61813
2017-01-04;3,2333;61589
2017-01-05;3,2129;62070
2017-01-06;3,2057;61665
2017-01-09;3,2097;61700
2017-01-10;3,1918;62131
2017-01-11;3,2154;62446
2017-01-12;3,1661;63953
2017-01-13;3,2034;63651
2017-01-16;3,2234;63831
2017-01-17;3,21;64354
2017-01-18;3,2211;64149
2017-01-19;3,2113;63950
2017-01-20;3,1918;64521
2017-01-23;3,1609;65748
2017-01-24;3,1649;65840
2017-01-25;3,169;NA
2017-01-26;3,1804;66190
2017-01-27;3,1596;66033
2017-01-30;3,1316;64301
2017-01-31;3,127;64670
2017-02-01;3,1479;64836
2017-02-02;3,1196;64578
2017-02-03;3,1241;64953
2017-02-06;3,1179;63992
2017-02-07;3,1304;64198
2017-02-08;3,1255;64835
2017-02-09;3,1185;64964
2017-02-10;3,1155;66124
2017-02-13;3,1175;66967
2017-02-14;3,1004;66712
2017-02-15;3,0779;67975
2017-02-16;3,051;67814
2017-02-17;3,095;67748
2017-02-20;3,0918;68532
2017-02-21;3,097;69052
2017-02-22;3,0824;68589
2017-02-23;3,0638;67461
2017-02-24;3,0993;66662
2017-02-27;NA;NA
2017-02-28;NA;NA
2017-03-01;3,0976;66988
2017-03-02;3,1138;65854
2017-03-03;3,1364;66785
2017-03-06;3,1111;66341
2017-03-07;3,1185;65742
2017-03-08;3,1477;64718
2017-03-09;3,1735;64585
2017-03-10;3,1623;64675
2017-03-13;3,1541;65534
2017-03-14;3,1639;64699
2017-03-15;3,1629;66234
2017-03-16;3,108;65782
2017-03-17;3,1075;64209
2017-03-20;3,0898;64884
2017-03-21;3,0765;62980
2017-03-22;3,0939;63521
2017-03-23;3,1248;63530
2017-03-24;3,1282;63853
2017-03-27;3,1256;64308
2017-03-28;3,1303;64640
2017-03-29;3,1229;65528
2017-03-30;3,1247;65265
2017-03-31;3,1684;64984
2017-04-03;3,1167;65211
2017-04-04;3,1231;65768
2017-04-05;3,0923;64774
2017-04-06;3,116;64222
2017-04-07;3,1302;64593
2017-04-10;3,1409;64649
2017-04-11;3,1424;64359
2017-04-12;3,1463;63891
2017-04-13;3,1269;62826
2017-04-17;3,1036;64334
2017-04-18;3,0958;64158
2017-04-19;3,1294;63406
2017-04-20;3,1453;63760
2017-04-24;3,1251;64389
2017-04-25;3,1577;65148
2017-04-26;3,1847;64861
2017-04-27;3,1763;64676
2017-04-28;3,1984;65403
2017-05-02;3,1724;66721
2017-05-03;3,1489;66093
2017-05-04;3,178;64862
2017-05-05;3,1764;65709
2017-05-08;3,1938;65526
2017-05-09;3,1857;66277
2017-05-10;3,1606;67349
2017-05-11;3,1559;67537
2017-05-12;3,129;68221
2017-05-15;3,1011;68474
2017-05-16;3,0924;68684
2017-05-17;3,1076;67540
2017-05-18;3,3807;61597
2017-05-19;3,2878;62639
2017-05-22;3,2863;61673
2017-05-23;3,2654;62662
2017-05-24;3,2629;63257
2017-05-25;3,2824;63226
2017-05-26;3,2614;64085
2017-05-29;3,2709;63760
2017-05-30;3,2659;63962
2017-05-31;3,2437;62711
2017-06-01;3,2307;62288
2017-06-02;3,2401;62510
2017-06-05;3,282;62450
2017-06-06;3,2817;62954
2017-06-07;3,2747;63170
2017-06-08;3,2838;62755
2017-06-09;3,274;62210
2017-06-12;3,2986;61700
2017-06-13;3,3208;61828
2017-06-14;3,2836;61922
2017-06-16;3,2892;61626
2017-06-19;3,2975;62014
2017-06-20;3,3145;60766
2017-06-21;3,3247;60761
2017-06-22;3,3362;61272
2017-06-23;3,3342;61087
2017-06-26;3,3128;62188
2017-06-27;3,3172;61675
2017-06-28;3,303;62017
2017-06-29;3,2952;62238
2017-06-30;3,3082;62899
2017-07-03;3,3015;63279
2017-07-04;3,305;63231
2017-07-05;3,3193;63154
2017-07-06;3,3064;62470
2017-07-07;3,2895;62322
2017-07-10;3,265;63025
2017-07-11;3,2522;63832
2017-07-12;3,2264;64835
2017-07-13;3,2108;65178
2017-07-14;3,1899;65436
2017-07-17;3,1821;65212
2017-07-18;3,1668;65337
2017-07-19;3,1533;65179
2017-07-20;3,1402;64938
2017-07-21;3,1256;64684
2017-07-24;3,1459;65099
2017-07-25;3,1556;65667
2017-07-26;3,1657;65010
2017-07-27;3,1513;65277
2017-07-28;3,1457;65497
2017-07-31;3,1307;65920
2017-08-01;3,1161;66516
2017-08-02;3,1268;67135
2017-08-03;3,1194;66777
2017-08-04;3,1224;66897
2017-08-07;3,1267;67939
2017-08-08;3,132;67898
2017-08-09;3,1464;67671
2017-08-10;3,1543;66992
2017-08-11;3,1695;67358
2017-08-14;3,1888;68284
2017-08-15;3,1976;68355
2017-08-16;3,167;68594
2017-08-17;3,1603;67976
2017-08-18;3,1654;68714
2017-08-21;3,1443;68634
2017-08-22;3,1539;70011
2017-08-23;3,1569;70477
2017-08-24;3,1404;71132
2017-08-25;3,1462;71073
2017-08-28;3,1563;71016
2017-08-29;3,1695;71329
2017-08-30;3,1638;70886
2017-08-31;3,1471;70835
2017-09-01;3,1333;71923
2017-09-04;3,1389;72128
2017-09-05;3,1203;72150
2017-09-06;3,1133;73412
2017-09-08;3,0908;73078
2017-09-11;3,0852;74319
2017-09-12;3,1144;74538
2017-09-13;3,1343;74787
2017-09-14;3,1354;74656
2017-09-15;3,1255;75756
2017-09-18;3,1239;75990
2017-09-19;3,1323;75974
2017-09-20;3,1281;76004
2017-09-21;3,1347;75604
2017-09-22;3,1285;75389
2017-09-25;3,1412;74443
2017-09-26;3,1674;74318
2017-09-27;3,1932;73796
2017-09-28;3,1871;73567
2017-09-29;3,168;74293
2017-10-02;3,1642;74359
2017-10-03;3,1502;76762
2017-10-04;3,1315;76591
2017-10-05;3,1347;76617
2017-10-06;3,1648;76054
2017-10-09;3,177;75726
2017-10-10;3,1688;76897
2017-10-11;3,1639;76659
2017-10-13;3,1572;76989
2017-10-16;3,1607;76891
2017-10-17;3,1769;76201
2017-10-18;3,1673;76591
2017-10-19;3,1732;76283
2017-10-20;3,1833;76390
2017-10-23;3,2003;75413
2017-10-24;3,247;76350
2017-10-25;3,2387;76671
2017-10-26;3,2444;75896
2017-10-27;3,2801;75975
2017-10-30;3,2547;74800
2017-10-31;3,2769;74308
2017-11-01;3,2736;73823
2017-11-03;3,292;73915
2017-11-06;3,2851;74310
2017-11-07;3,2733;72414
2017-11-08;3,2509;74363
2017-11-09;3,2515;72930
2017-11-10;3,2661;72165
2017-11-13;3,2873;72475
2017-11-14;3,2834;70826
2017-11-16;3,2808;72511
2017-11-17;3,2788;73437
2017-11-20;3,2623;NA
2017-11-21;3,2591;74594
2017-11-22;3,2561;74518
2017-11-23;3,2371;74486
2017-11-24;3,23;74157
2017-11-27;3,2218;74058
2017-11-28;3,2232;74139
2017-11-29;3,2136;72700
2017-11-30;3,2616;71970
2017-12-01;3,2636;72264
2017-12-04;3,2506;73090
2017-12-05;3,2322;72546
2017-12-06;3,2354;73268
2017-12-07;3,2892;72487
2017-12-08;3,2811;72731
2017-12-11;3,2845;72800
2017-12-12;3,3149;73813
2017-12-13;3,3036;72914
2017-12-14;3,3332;72428
2017-12-15;3,3182;72607
2017-12-18;3,2881;73115
2017-12-19;3,2883;72680
2017-12-20;3,2909;73367
2017-12-21;3,3045;75133
2017-12-22;3,3209;75186
2017-12-26;3,32;75707
2017-12-27;3,3031;76072
2017-12-28;3,308;76402
2017-12-29;3,308;NA
2018-01-02;3,2697;77891
2018-01-03;3,2535;77995
2018-01-04;3,2318;78647
2018-01-05;3,2409;79071
2018-01-08;3,2357;79378
2018-01-09;3,2397;78863
2018-01-10;3,2467;78200
2018-01-11;3,2301;79365
2018-01-12;3,2197;79349
2018-01-15;3,1963;79752
2018-01-16;3,2219;79831
2018-01-17;3,2324;81189
2018-01-18;3,2129;80962
2018-01-19;3,2087;81219
2018-01-22;3,1934;81675
2018-01-23;3,2249;80678
2018-01-24;3,197;83679
2018-01-25;3,1391;NA
2018-01-26;3,145;85530
2018-01-29;3,1655;84698
2018-01-30;3,1661;84482
2018-01-31;3,1624;84912
2018-02-01;3,173;85495
2018-02-02;3,206;84041
2018-02-05;3,2355;81861
2018-02-06;3,2613;83894
2018-02-07;3,2467;82766
2018-02-08;3,2692;81532
2018-02-09;3,2821;80898
2018-02-14;3,2536;83542
2018-02-15;3,2208;84290
2018-02-16;3,2381;84524
2018-02-19;3,2347;84792
2018-02-20;3,2507;85803
2018-02-21;3,2555;86051
2018-02-22;3,2598;86686
2018-02-23;3,2417;87293
2018-02-26;3,2351;87652
2018-02-27;3,2383;86935
2018-02-28;3,2449;85353
2018-03-01;3,262;85377
2018-03-02;3,2614;85761
2018-03-05;3,2582;86022
2018-03-06;3,2246;85653
2018-03-07;3,2318;85483
2018-03-08;3,2518;84984
2018-03-09;3,2496;86371
2018-03-12;3,2606;86900
2018-03-13;3,2492;86383
2018-03-14;3,2584;86050
2018-03-15;3,2859;84928
2018-03-16;3,2905;84886
2018-03-19;3,2911;83913
2018-03-20;3,2981;84163
2018-03-21;3,2921;84976
2018-03-22;3,3033;84767
2018-03-23;3,3041;84377
2018-03-26;3,3034;85087
2018-03-27;3,3256;83808
2018-03-28;3,338;83874
2018-03-29;3,3238;85365
2018-04-02;3,3104;84666
2018-04-03;3,3139;84623
2018-04-04;3,3538;84359
2018-04-05;3,3196;85209
2018-04-06;3,3666;84820
2018-04-09;3,3903;83307
2018-04-10;3,4195;84510
2018-04-11;3,4052;85245
2018-04-12;3,3858;85443
2018-04-13;3,4105;84334
2018-04-16;3,4263;82861
2018-04-17;3,4041;84086
2018-04-18;3,3844;85776
2018-04-19;3,3977;85824
2018-04-20;3,4101;85550
2018-04-23;3,4421;85602
2018-04-24;3,4667;85469
2018-04-25;3,504;85044
2018-04-26;3,4977;86383
2018-04-27;3,4676;86444
2018-04-30;3,4811;86115
2018-05-02;3,5424;84547
2018-05-03;3,5484;83288
2018-05-04;3,5308;83118
2018-05-07;3,5458;82714
2018-05-08;3,5788;82956
2018-05-09;3,5943;84265
2018-05-10;3,5566;85861
2018-05-11;3,5716;85220
2018-05-14;3,6097;85232
2018-05-15;3,6753;85130
2018-05-16;3,6803;86536
2018-05-17;3,6874;83621
2018-05-18;3,7503;83081
2018-05-21;3,7072;81815
2018-05-22;3,6502;82738
2018-05-23;3,6507;80867
2018-05-24;3,6436;80122
2018-05-25;3,6587;78897
2018-05-28;3,7092;75355
2018-05-29;3,7289;76071
2018-05-30;3,737;76753
2018-06-01;3,7413;77239
2018-06-04;3,7424;78596
2018-06-05;3,7752;76641
2018-06-06;3,8193;76117
2018-06-07;3,9;73851
2018-06-08;3,7859;72942
2018-06-11;3,6913;72307
2018-06-12;3,7044;72754
2018-06-13;3,7054;72122
2018-06-14;3,7057;71421
2018-06-15;3,7738;70757
2018-06-18;3,7543;69814
2018-06-19;3,7566;71394
2018-06-20;3,7335;72123
2018-06-21;3,7894;70074
2018-06-22;3,7663;70640
2018-06-25;3,776;70952
2018-06-26;3,7721;71404
2018-06-27;3,8358;70609
2018-06-28;3,8521;71766
2018-06-29;3,8558;72762
2018-07-02;3,9055;72839
2018-07-03;3,892;73667
2018-07-04;3,9058;74743
2018-07-05;3,9192;74553
2018-07-06;3,9264;75010
2018-07-09;3,8692;NA
2018-07-10;3,8452;74862
2018-07-11;3,8417;74398
2018-07-12;3,8564;75856
2018-07-13;3,8745;76594
2018-07-16;3,8579;76652
2018-07-17;3,8671;78130
2018-07-18;3,8474;77362
2018-07-19;3,8847;77486
2018-07-20;3,7793;78571
2018-07-23;3,7915;77996
2018-07-24;3,7459;79154
2018-07-25;3,712;80218
2018-07-26;3,7243;79405
2018-07-27;3,7164;79866
2018-07-30;3,7155;80275
2018-07-31;3,7549;79220
2018-08-01;3,7491;79301
2018-08-02;3,7645;79636
2018-08-03;3,7201;81434
2018-08-06;3,7214;81050
2018-08-07;3,7118;80346
2018-08-08;3,7519;79151
2018-08-09;3,803;78767
2018-08-10;3,8472;76514
2018-08-13;3,8988;77496
2018-08-14;3,8812;78602
2018-08-15;3,9134;77077
2018-08-16;3,881;76818
2018-08-17;3,9389;76028
2018-08-20;3,943;76327
2018-08-21;3,9873;75180
2018-08-22;4,074;76902
2018-08-23;4,0727;75633
2018-08-24;4,0854;76262
2018-08-27;4,0687;77929
2018-08-28;4,1192;77473
2018-08-29;4,1353;78388
2018-08-30;4,1812;76404
2018-08-31;4,1353;76677
2018-09-03;4,1279;76192
2018-09-04;4,1652;74711
2018-09-05;4,1609;75092
2018-09-06;4,146;76416
2018-09-10;4,1007;76436
2018-09-11;4,1641;74656
2018-09-12;4,1259;75124
2018-09-13;4,1637;74686
2018-09-14;4,1879;75429
2018-09-17;4,1695;76788
2018-09-18;4,1369;78313
2018-09-19;4,1351;78168
2018-09-20;4,0997;78116
2018-09-21;4,0728;79444
2018-09-24;4,0594;77984
2018-09-25;4,1286;78630
2018-09-26;4,057;78656
2018-09-27;4,0092;80000
2018-09-28;4,0039;79342
2018-10-01;4,0273;78623
2018-10-02;3,9505;81612
2018-10-03;3,8542;83273
2018-10-04;3,9047;82952
2018-10-05;3,8699;82321
2018-10-08;3,7588;86083
2018-10-09;3,7391;86087
2018-10-10;3,751;83679
2018-10-11;3,746;82921
2018-10-15;3,7332;83359
2018-10-16;3,7079;85717
2018-10-17;3,7008;85763
2018-10-18;3,6963;83847
2018-10-19;3,7079;84219
2018-10-22;3,6903;85596
2018-10-23;3,708;85300
2018-10-24;3,706;83063
2018-10-25;3,7014;84083
2018-10-26;3,6753;85719
2018-10-29;3,6368;83796
2018-10-30;3,7019;86885
2018-10-31;3,7177;87423
2018-11-01;3,6973;88419
2018-11-05;3,7048;89598
2018-11-06;3,7492;88668
2018-11-07;3,7592;87714
2018-11-08;3,7391;85620
2018-11-09;3,7506;85641
2018-11-12;3,7478;85524
2018-11-13;3,7792;84914
2018-11-14;3,7924;85973
2018-11-16;3,7525;88515
2018-11-19;3,7553;87900
2018-11-20;3,7591;NA
2018-11-21;3,7872;87268
2018-11-22;3,8103;87477
2018-11-23;3,8081;86230
2018-11-26;3,8655;85546
2018-11-27;3,8925;87891
2018-11-28;3,8631;89250
2018-11-29;3,8568;89709
2018-11-30;3,8633;89504
2018-12-03;3,8285;89820
2018-12-04;3,8313;88624
2018-12-05;3,8561;89039
2018-12-06;3,9178;88846
2018-12-07;3,8964;88115
2018-12-10;3,911;85914
2018-12-11;3,9013;86419
2018-12-12;3,8629;86977
2018-12-13;3,879;87837
2018-12-14;3,909;87449
2018-12-17;3,9121;86399
2018-12-18;3,8997;86610
2018-12-19;3,8907;85673
2018-12-20;3,8443;85269
2018-12-21;3,8671;85697
2018-12-24;3,8855;NA
2018-12-26;3,9258;85136
2018-12-27;3,933;85460
2018-12-28;3,8748;87887
2018-12-31;3,8748;NA
2019-01-02;3,8595;91012
2019-01-03;3,7683;91564
2019-01-04;3,7627;91840
2019-01-07;3,7062;91699
2019-01-08;3,7208;92031
2019-01-09;3,6931;93613
2019-01-10;3,6869;93805
2019-01-11;3,7141;93658
2019-01-14;3,726;94474
2019-01-15;3,7049;94055
2019-01-16;3,7197;94393
2019-01-17;3,7591;95351
2019-01-18;3,7486;96096
2019-01-21;3,7705;96009
2019-01-22;3,7615;95103
2019-01-23;3,7994;96558
2019-01-24;3,7815;97677
2019-01-25;3,7626;NA
2019-01-28;3,7676;95443
2019-01-29;3,737;95639
2019-01-30;3,7151;96996
2019-01-31;3,6519;97393
2019-02-01;3,6694;97861
2019-02-04;3,6756;98588
2019-02-05;3,6741;98311
2019-02-06;3,7019;94635
2019-02-07;3,7193;94405
2019-02-08;3,7184;95343
2019-02-11;3,7391;94412
2019-02-12;3,7296;96168
2019-02-13;3,7277;95842
2019-02-14;3,7756;98015
2019-02-15;3,7155;97525
2019-02-18;3,7316;96168
2019-02-19;3,7206;97659
2019-02-20;3,71;96544
2019-02-21;3,7595;96932
2019-02-22;3,743;97885
2019-02-25;3,7285;97239
2019-02-26;3,7595;97602
2019-02-27;3,7351;97885
2019-02-28;3,7385;95584
2019-03-01;3,7832;94603
2019-03-06;3,8303;94216
2019-03-07;3,8487;94340
2019-03-08;3,8678;95364
2019-03-11;3,8461;98026
2019-03-12;3,8129;97828
2019-03-13;3,8265;98903
2019-03-14;3,8327;98604
2019-03-15;3,8344;99136
2019-03-18;3,8111;99993
2019-03-19;3,7762;99588
2019-03-20;3,7897;98041
2019-03-21;3,7967;96729
2019-03-22;3,8815;93735
2019-03-25;3,877;93662
2019-03-26;3,8646;95306
2019-03-27;3,9389;91903
2019-03-28;3,9682;94388
2019-03-29;3,8967;95414
2019-04-01;3,8682;96054
2019-04-02;3,8661;95386
2019-04-03;3,8436;94491
2019-04-04;3,8713;96313
2019-04-05;3,8622;97108
2019-04-08;3,8658;97369
2019-04-09;3,8563;96291
2019-04-10;3,8345;95953
2019-04-11;3,8399;94754
2019-04-12;3,8685;92875
2019-04-15;3,873;93082
2019-04-16;3,8913;94333
2019-04-17;3,9225;93284
2019-04-18;3,937;94578
2019-04-22;3,923;94588
2019-04-23;3,9436;95923
2019-04-24;3,963;95045
2019-04-25;3,9725;96552
2019-04-26;3,9353;96236
2019-04-29;3,9364;96187
2019-04-30;3,9453;96353
2019-05-02;3,965;95527
2019-05-03;3,9388;96007
2019-05-06;3,9624;95008
2019-05-07;3,988;94388
2019-05-08;3,9344;95596
2019-05-09;3,9673;94807
2019-05-10;3,9578;94257
2019-05-13;3,989;91726
2019-05-14;3,9788;92092
2019-05-15;4,0031;91623
2019-05-16;4,0138;90024
2019-05-17;4,0844;89992
2019-05-20;4,1056;91946
2019-05-21;4,081;94484
2019-05-22;4,0228;94360
2019-05-23;4,0513;93910
2019-05-24;4,0322;93627
2019-05-27;4,021;94864
2019-05-28;4,0275;96392
2019-05-29;3,9965;96566
2019-05-30;3,972;97457
2019-05-31;3,9407;97030
2019-06-03;3,9003;97020
2019-06-04;3,871;97380
2019-06-05;3,8611;95998
2019-06-06;3,8726;97204
2019-06-07;3,8571;97821
2019-06-10;3,879;97466
2019-06-11;3,8664;98960
2019-06-12;3,8437;98320
2019-06-13;3,8429;98773
2019-06-14;3,8813;98040
2019-06-17;3,8895;97623
2019-06-18;3,8608;99404
2019-06-19;3,8723;100303
2019-06-21;3,8255;102012
2019-06-24;3,8234;102062
2019-06-25;3,8303;100092
2019-06-26;3,8441;100688
2019-06-27;3,8642;100723
2019-06-28;3,8322;100967
2019-07-01;3,8193;101339
2019-07-02;3,8564;100605
2019-07-03;3,8475;102043
2019-07-04;3,794;103636
2019-07-05;3,8204;104089
2019-07-08;3,8065;104530
2019-07-09;3,7858;NA
2019-07-10;3,7697;105817
2019-07-11;3,7533;105146
2019-07-12;3,7452;103905
2019-07-15;3,7463;103802
2019-07-16;3,7624;103775
2019-07-17;3,7618;103855
2019-07-18;3,7489;104716
2019-07-19;3,7408;103451
2019-07-22;3,74;103949
2019-07-23;3,7621;103704
2019-07-24;3,7596;104119
2019-07-25;3,7849;102654
2019-07-26;3,7741;102818
2019-07-29;3,7909;103482
2019-07-30;3,79;102932
2019-07-31;3,7649;101812
2019-08-01;3,8296;102125
2019-08-02;3,8739;102673
2019-08-05;3,9404;100097
2019-08-06;3,9643;102163
2019-08-07;3,985;102782
2019-08-08;3,9409;104115
2019-08-09;3,9362;103996
2019-08-12;3,9966;101915
2019-08-13;3,9736;103299
2019-08-14;4,0074;100258
2019-08-15;4,0188;99056
2019-08-16;3,9933;99805
2019-08-19;4,0274;99468
2019-08-20;4,0425;99222
2019-08-21;4,0254;101201
2019-08-22;4,0444;100011
2019-08-23;4,0851;97667
2019-08-26;4,1367;96429
2019-08-27;4,1557;97276
2019-08-28;4,1559;98193
2019-08-29;4,168;100524
2019-08-30;4,1385;101134
2019-09-02;4,1581;100625
2019-09-03;4,1657;99680
2019-09-04;4,1249;101200
2019-09-05;4,0859;102243
2019-09-06;4,065;102935
2019-09-09;4,0766;103180
2019-09-10;4,1108;103031
2019-09-11;4,0631;103445
2019-09-12;4,0494;104370
2019-09-13;4,0616;103501
2019-09-16;4,0872;103680
2019-09-17;4,0998;104616
2019-09-18;4,0972;104531
2019-09-19;4,1393;104339
2019-09-20;4,1687;104817
2019-09-23;4,1734;104637
2019-09-24;4,1721;103875
2019-09-25;4,1827;104480
2019-09-26;4,1469;105319
2019-09-27;4,1587;105077
2019-09-30;4,1644;104745
2019-10-01;4,174;NA
2019-10-02;4,1546;NA
2019-10-03;4,1012;NA
2019-10-04;4,061;NA
2019-10-07;4,0688;NA
2019-10-08;4,0868;NA
2019-10-09;4,0954;NA
2019-10-10;4,1145;NA
2019-10-11;4,106;NA
2019-10-14;4,1263;NA
2019-10-15;4,1488;NA
2019-10-16;4,1714;NA
2019-10-17;4,1457;NA
2019-10-18;4,1376;NA
2019-10-21;4,1319;NA
2019-10-22;4,0858;NA
2019-10-23;4,0721;NA
2019-10-24;4,0089;NA
2019-10-25;4,0133;NA
2019-10-28;3,9793;NA
2019-10-29;3,9946;NA
2019-10-30;4,0186;NA
2019-10-31;4,0041;NA
2019-11-01;3,9786;NA
2019-11-04;3,9922;NA
2019-11-05;4,0043;NA
2019-11-06;4,0351;NA
2019-11-07;4,0927;NA
2019-11-08;4,1365;NA
2019-11-11;4,1559;NA
2019-11-12;4,1756;NA
2019-11-13;4,1767;NA
2019-11-14;4,1831;NA
2019-11-18;4,1827;NA
2019-11-19;4,2084;NA
2019-11-20;4,2037;NA
2019-11-21;4,2012;NA
2019-11-22;4,1832;NA
2019-11-25;4,2089;NA
2019-11-26;4,2559;NA
2019-11-27;4,2602;NA
2019-11-28;4,248;NA
2019-11-29;4,224;NA
2019-12-02;4,2261;NA
2019-12-03;4,2008;NA
2019-12-04;4,1926;NA
2019-12-05;4,2136;NA
2019-12-06;4,1783;NA
2019-12-09;4,1503;NA
2019-12-10;4,1427;NA
2019-12-11;4,1153;NA
2019-12-12;4,1092;NA
2019-12-13;4,0949;NA
2019-12-16;4,0801;NA
2019-12-17;4,0687;NA
2019-12-18;4,0548;NA
2019-12-19;4,0633;NA
2019-12-20;4,0777;NA
2019-12-23;4,0757;NA
2019-12-24;4,0813;NA
2019-12-26;4,0601;NA
2019-12-27;4,0545;NA
2019-12-30;4,0307;NA
2019-12-31;4,0307;NA
2020-01-02;4,0213;NA
2020-01-03;4,0522;NA
2020-01-06;4,0554;NA
2020-01-07;4,0841;NA
2020-01-08;4,0672;NA
2020-01-09;4,0744;NA
2020-01-10;4,0745;NA
2020-01-13;4,1309;NA
2020-01-14;4,1443;NA
2020-01-15;4,1622;NA
2020-01-16;4,1726;NA
2020-01-17;4,1837;NA
2020-01-20;4,1829;NA
2020-01-21;4,2014;NA
2020-01-22;4,1889;NA
2020-01-23;4,1662;NA
2020-01-24;4,1769;NA
2020-01-27;4,2196;NA
2020-01-28;4,2064;NA
2020-01-29;4,2013;NA
2020-01-30;4,2523;NA
2020-01-31;4,2695;NA
2020-02-03;4,2475;NA
2020-02-04;4,2381;NA
2020-02-05;4,2449;NA
2020-02-06;4,2477;NA
2020-02-07;4,3076;NA
2020-02-10;4,3195;NA
2020-02-11;4,3148;NA
2020-02-12;4,3366;NA
2020-02-13;4,3389;NA
2020-02-14;4,3163;NA
2020-02-17;4,3157;NA
2020-02-18;4,3471;NA
2020-02-19;4,3728;NA
2020-02-20;4,3873;NA
2020-02-21;4,3924;NA
2020-02-26;4,4359;NA
2020-02-27;4,4764;NA
2020-02-28;4,4987;NA
2020-03-02;4,4946;NA
2020-03-03;4,4883;NA
2020-03-04;4,5258;NA
2020-03-05;4,6207;NA
2020-03-06;4,6459;NA
2020-03-09;4,7379;NA
2020-03-10;4,6693;NA
2020-03-11;4,6738;NA
2020-03-12;4,8833;NA
2020-03-13;4,7362;NA
2020-03-16;4,9471;NA
2020-03-17;5,0496;NA
2020-03-18;5,1107;NA
2020-03-19;5,1444;NA
2020-03-20;5,0248;NA
2020-03-23;5,0805;NA
2020-03-24;5,0713;NA
2020-03-25;5,0706;NA
2020-03-26;5,001;NA
2020-03-27;5,1109;NA
2020-03-30;5,1594;NA
2020-03-31;5,1987;NA
2020-04-01;5,2404;NA
2020-04-02;5,2651;NA
2020-04-03;5,2997;NA
2020-04-06;5,2471;NA
2020-04-07;5,2217;NA
2020-04-08;5,2123;NA
2020-04-09;5,0779;NA
2020-04-13;5,1824;NA
2020-04-14;5,1858;NA
2020-04-15;5,2579;NA
2020-04-16;5,2377;NA
2020-04-17;5,2573;NA
2020-04-20;5,2837;NA
2020-04-22;5,3847;NA
2020-04-23;5,4467;NA
2020-04-24;5,651;NA
2020-04-27;5,6358;NA
2020-04-28;5,5683;NA
2020-04-29;5,4291;NA
2020-04-30;5,427;NA
2020-05-04;5,5816;NA
2020-05-05;5,5354;NA
2020-05-06;5,6676;NA
2020-05-07;5,8365;NA
2020-05-08;5,7653;NA
2020-05-11;5,7954;NA
2020-05-12;5,7723;NA
2020-05-13;5,9022;NA
2020-05-14;5,9372;NA
2020-05-15;5,8229;NA
2020-05-18;5,7375;NA
2020-05-19;5,7216;NA
2020-05-20;5,6968;NA
2020-05-21;5,6019;NA
2020-05-22;5,5808;NA
2020-05-25;5,4772;NA
2020-05-26;5,3707;NA
2020-05-27;5,2992;NA
2020-05-28;5,3405;NA
2020-05-29;5,4263;NA
2020-06-01;5,3639;NA
2020-06-02;5,2601;NA
2020-06-03;5,0516;NA
2020-06-04;5,1041;NA
2020-06-05;4,9775;NA
2020-06-08;4,9331;NA
2020-06-09;4,9057;NA
2020-06-10;4,8894;NA
2020-06-12;5,0373;NA
2020-06-15;5,1883;NA
2020-06-16;5,1285;NA
2020-06-17;5,2499;NA
2020-06-18;5,3468;NA
2020-06-19;5,3466;NA
2020-06-22;5,2226;NA
2020-06-23;5,1705;NA
2020-06-24;5,2435;NA
2020-06-25;5,3287;NA
2020-06-26;5,4629;NA
2020-06-29;5,4416;NA
2020-06-30;5,476;NA
2020-07-01;5,3651;NA
2020-07-02;5,3028;NA
2020-07-03;5,3374;NA
2020-07-06;5,3085;NA
2020-07-07;5,3318;NA
2020-07-08;5,3482;NA
2020-07-09;5,2978;NA
2020-07-10;5,344;NA
2020-07-13;5,3486;NA
2020-07-14;5,4288;NA
2020-07-15;5,3491;NA
2020-07-16;5,356;NA
2020-07-17;5,351;NA
2020-07-20;5,3635;NA
2020-07-21;5,2283;NA
2020-07-22;5,1111;NA
2020-07-23;5,1647;NA
2020-07-24;5,2146;NA
2020-07-27;5,1889;NA
2020-07-28;5,1777;NA
2020-07-29;5,1395;NA
2020-07-30;5,1837;NA
2020-07-31;5,2033;NA
2020-08-03;5,3075;NA
2020-08-04;5,3329;NA
2020-08-05;5,276;NA
2020-08-06;5,3431;NA
2020-08-07;5,4227;NA
2020-08-10;5,3933;NA
2020-08-11;5,4285;NA
2020-08-12;5,4551;NA
2020-08-13;5,3801;NA
2020-08-14;5,3852;NA
2020-08-17;5,4497;NA
2020-08-18;5,4659;NA
2020-08-19;5,4906;NA
2020-08-20;5,651;NA
2020-08-21;5,6064;NA
2020-08-24;5,5954;NA
2020-08-25;5,5997;NA
2020-08-26;5,568;NA
2020-08-27;5,5956;NA
2020-08-28;5,4679;NA
2020-08-31;5,4713;NA
2020-09-01;5,3732;NA
2020-09-02;5,3741;NA
2020-09-03;5,3079;NA
2020-09-04;5,2848;NA
2020-09-08;5,3698;NA
2020-09-09;5,3024;NA
2020-09-10;5,2936;NA
2020-09-11;5,2854;NA
2020-09-14;5,2984;NA
2020-09-15;5,2728;NA
2020-09-16;5,2532;NA
2020-09-17;5,2593;NA
2020-09-18;5,2889;NA
2020-09-21;5,444;NA
2020-09-22;5,4329;NA
2020-09-23;5,5311;NA
2020-09-24;5,5714;NA
2020-09-25;5,5667;NA
2020-09-28;5,5858;NA
2020-09-29;5,6528;NA
2020-09-30;5,6407;NA
2020-10-01;5,6441;NA
2020-10-02;5,6464;NA
2020-10-05;5,6299;NA
2020-10-06;5,5205;NA
2020-10-07;5,6018;NA
2020-10-08;5,62;NA
2020-10-09;5,5393;NA
2020-10-13;5,5859;NA
2020-10-14;5,5675;NA
2020-10-15;5,6172;NA
2020-10-16;5,6226;NA
2020-10-19;5,6023;NA
2020-10-20;5,583;NA
2020-10-21;5,6006;NA
2020-10-22;5,582;NA
2020-10-23;5,612;NA
2020-10-26;5,6328;NA
2020-10-27;5,6491;NA
2020-10-28;5,7325;NA
2020-10-29;5,7803;NA
2020-10-30;5,7718;NA
2020-11-03;5,6895;NA
2020-11-04;5,6932;NA
2020-11-05;5,5624;NA
2020-11-06;5,5313;NA
2020-11-09;5,2821;NA
